1|Patricia|Gentry|patriciagentry@gmail.com|BD6g!FRl)7|94610|Oakland|CA
2|Michelle|Copeland|mcopeland@hotmail.com|Jj71ALv_r%|94158|San Francisco|CA
3|Melissa|Hicks|melissahicks@hotmail.com|xWgX4Bjw_2|94706|Berkeley|CA
4|Ricahrd|Shane|richardshane@yahoo.com|(Z+P3YeoN&|94609|Oakland|CA
5|Thomas|Marshall|tmarshall@yahoo.com|9w9eFiPi&q|94109|San Francisco|CA
6|Allen|Strong|astrong@gmail.com|b2BytYqF%q|94401|San Mateo|CA
7|Michael|Travis|michaeltravis@yahoo.com|&OtrUsI#g5|94024|Palo ALto|CA
8|George|Sullivan|isullivan@gmail.com|$X9JkX5oJ8|94040|Moutain View|CA
9|Tiffany|Reyes|tiffanyreyes@gmail.com|(4hAsaktH%|94107|San Francisco|CA
10|James|Brown|brownjames@hotmail.com|^5VxQC(+fR|94103|San Francisco|CA